WKT,destination_stop,destination_stop_latitude,destination_stop_longitude,distance,duration,mobile,origin_stop,origin_stop_latitude,origin_stop_longitude,route
"LINESTRING (-4.436729 55.918974,-4.43516 55.918447,-4.434603 55.918303,-4.434122 55.918179,-4.433367 55.918017,-4.433192 55.917967,-4.433037 55.917921,-4.432319 55.917616,-4.432062 55.91758,-4.43181 55.917571,-4.431651 55.917082,-4.43159 55.916895,-4.431459 55.916458,-4.43147 55.916372,-4.431492 55.916197,-4.431631 55.915858,-4.431735 55.915738,-4.432088 55.915429,-4.432364 55.915164,-4.432418 55.915112,-4.432663 55.915241,-4.434164 55.915936,-4.434113 55.915971)",Myrtle Rd/Cedar Ave,"55.9159648","-4.4340992",785.1,144.9,Mobile,38 Melbourne Ave,"55.9189949","-4.4367064",Friday
"LINESTRING (-4.434113 55.915971,-4.434164 55.915936,-4.432663 55.915241,-4.432418 55.915112,-4.433101 55.914478,-4.433183 55.914415,-4.433284 55.914331,-4.434331 55.913407,-4.434435 55.913315,-4.43403 55.913126,-4.433666 55.912954,-4.433319 55.912794,-4.43299 55.912642,-4.432676 55.912498,-4.431915 55.912202,-4.431124 55.91191,-4.430737 55.911752,-4.430359 55.911597,-4.429584 55.91118,-4.429059 55.910901,-4.428656 55.910693,-4.427682 55.910251,-4.426769 55.909853,-4.426396 55.910072,-4.426082 55.91035,-4.425872 55.910625,-4.425437 55.911196,-4.425364 55.911292,-4.425328 55.911339,-4.425197 55.911524,-4.425145 55.911594,-4.425083 55.911693,-4.424958 55.911871,-4.424894 55.91196,-4.424608 55.91231,-4.424139 55.912877,-4.42396 55.913025,-4.4238 55.913156,-4.423602 55.913318,-4.423492 55.913393,-4.423179 55.913587,-4.422461 55.913851,-4.422069 55.913924,-4.421765 55.91399,-4.421048 55.914304,-4.420809 55.91438,-4.419948 55.914582,-4.419732 55.914677,-4.419038 55.915107,-4.418666 55.915265,-4.418283 55.915346,-4.417913 55.915351,-4.417085 55.915361,-4.41625 55.915356,-4.414765 55.915373,-4.414407 55.915398,-4.414138 55.915537,-4.413771 55.91543,-4.413317 55.915406,-4.412335 55.915355,-4.412276 55.915352,-4.412097 55.915343,-4.409607 55.915261,-4.408038 55.91519,-4.407935 55.915185,-4.407874 55.915182,-4.407454 55.915145,-4.406835 55.914992,-4.406346 55.914875,-4.405905 55.914732,-4.405573 55.914635,-4.405504 55.914407,-4.405404 55.914214,-4.404908 55.913243,-4.404747 55.912949,-4.404554 55.912575,-4.402102 55.912595,-4.401473 55.912646,-4.400951 55.9127,-4.400321 55.912732,-4.399534 55.912739,-4.399155 55.912774,-4.398713 55.91284,-4.398034 55.912947,-4.397507 55.913031,-4.397037 55.913105,-4.396347 55.913119,-4.395723 55.913006,-4.39526 55.912906,-4.394637 55.912646,-4.394399 55.912476,-4.394081 55.912249,-4.394028 55.912161,-4.393958 55.912046,-4.39387 55.911902,-4.393845 55.911859,-4.393673 55.911577,-4.393622 55.911493,-4.393567 55.911402,-4.39349 55.911331)",Kirkoswald Drive at the co-op,"55.9113349","-4.3934798",3697.9,392,Mobile,Myrtle Rd/Cedar Ave,"55.9159648","-4.4340992",Friday
"LINESTRING (-4.39349 55.911331,-4.393567 55.911402,-4.393622 55.911493,-4.393673 55.911577,-4.393845 55.911859,-4.39387 55.911902,-4.393958 55.912046,-4.394506 55.911855,-4.394773 55.91178,-4.395307 55.911791,-4.397433 55.911951)",40 Mossgiel Drive,"55.9119723","-4.397428",310.7,61.8,Mobile,Kirkoswald Drive at the co-op,"55.9113349","-4.3934798",Friday
"LINESTRING (-4.397433 55.911951,-4.399188 55.912084,-4.399891 55.912281,-4.400321 55.912732,-4.400951 55.9127,-4.401473 55.912646,-4.402102 55.912595,-4.404554 55.912575,-4.404456 55.912372,-4.404046 55.911588,-4.403682 55.910889,-4.40346 55.910474,-4.403291 55.910175,-4.403266 55.910131,-4.403197 55.909946,-4.403183 55.909801,-4.403087 55.909798,-4.402832 55.909837,-4.401161 55.910175,-4.400826 55.910186,-4.400433 55.910094,-4.400689 55.909249,-4.39955 55.909099,-4.399506 55.909091)",30 Melfort Avenue,"55.9091039","-4.3994987",1153.8,160.2,Mobile,40 Mossgiel Drive,"55.9119723","-4.397428",Friday
"LINESTRING (-4.399506 55.909091,-4.39955 55.909099,-4.400689 55.909249,-4.400433 55.910094,-4.400826 55.910186,-4.401161 55.910175,-4.402832 55.909837,-4.403087 55.909798,-4.403183 55.909801,-4.403197 55.909946,-4.403266 55.910131,-4.403291 55.910175,-4.40346 55.910474,-4.403682 55.910889,-4.404046 55.911588,-4.404456 55.912372,-4.404554 55.912575,-4.404747 55.912949,-4.404908 55.913243,-4.405404 55.914214,-4.405504 55.914407,-4.405573 55.914635,-4.405529 55.915073,-4.405444 55.915288,-4.405309 55.915679,-4.405318 55.915904,-4.405389 55.916196,-4.405496 55.916617,-4.405622 55.917117,-4.405663 55.917378,-4.405732 55.917651,-4.405748 55.917868,-4.405802 55.918075,-4.405923 55.918209,-4.406031 55.918249,-4.406203 55.918477,-4.406256 55.918582,-4.406194 55.918766,-4.40608 55.91885,-4.405959 55.918896,-4.405784 55.919159,-4.405627 55.919357,-4.405516 55.919496,-4.405458 55.919629,-4.40533 55.919887,-4.405283 55.920074,-4.405135 55.920217,-4.405023 55.92028,-4.404925 55.920308,-4.404585 55.920353,-4.404317 55.920368,-4.403978 55.920393,-4.403638 55.920421,-4.403387 55.920446,-4.403117 55.920498,-4.402807 55.920611,-4.402618 55.920702,-4.402475 55.920815,-4.402282 55.921046,-4.402229 55.921179,-4.402224 55.921275,-4.40224 55.921388,-4.402542 55.922171,-4.402726 55.922635,-4.402773 55.922746,-4.402976 55.923176,-4.403094 55.92332,-4.403187 55.923454,-4.403248 55.923597,-4.403286 55.923879,-4.403262 55.924024,-4.403303 55.924247,-4.403357 55.924313,-4.403478 55.924405,-4.403539 55.92444,-4.403605 55.924512,-4.403618 55.924576,-4.403577 55.924673,-4.403482 55.924739,-4.403317 55.924808,-4.403186 55.924834,-4.403055 55.924835,-4.40295 55.924813,-4.402876 55.92479,-4.402835 55.924766,-4.40216 55.924533,-4.402112 55.924528,-4.401672 55.924485,-4.401462 55.92447,-4.400024 55.924404,-4.399655 55.924384,-4.399429 55.924371,-4.399355 55.924367,-4.397329 55.924313,-4.39688 55.924304,-4.396265 55.924289,-4.395951 55.924289,-4.394568 55.924289,-4.394234 55.924296,-4.393204 55.92432,-4.39291 55.924351,-4.392373 55.924409,-4.39109 55.924743,-4.389988 55.924872,-4.388031 55.924825,-4.386838 55.924897,-4.386031 55.924988,-4.385252 55.925206,-4.384323 55.925637,-4.384093 55.925769,-4.384473 55.925997,-4.384566 55.926052,-4.384763 55.926263,-4.384838 55.926407,-4.384858 55.926535,-4.384843 55.926649,-4.3848 55.927001,-4.384663 55.928013,-4.384748 55.928233,-4.384854 55.928393,-4.385045 55.928545,-4.38525 55.928679,-4.385429 55.928738)",Faifley Road at the Deli,"55.9287333","-4.3854332",3827.3,465.6,Mobile,30 Melfort Avenue,"55.9091039","-4.3994987",Friday
"LINESTRING (-4.385429 55.928738,-4.385518 55.928767,-4.385821 55.928827,-4.386203 55.928903,-4.386389 55.928951,-4.386557 55.929007,-4.386789 55.929099,-4.387013 55.929208,-4.387335 55.929456,-4.387459 55.929607,-4.387572 55.929827,-4.38765 55.930065,-4.387729 55.930181,-4.387784 55.930206,-4.387839 55.93022,-4.388008 55.93022,-4.388732 55.930129,-4.389009 55.930101,-4.389406 55.930048,-4.389266 55.929583,-4.389274 55.929466,-4.38938 55.929366,-4.389967 55.929005,-4.390105 55.92892,-4.391693 55.927928,-4.391891 55.927771,-4.391923 55.927736,-4.392077 55.927563,-4.392478 55.926636,-4.392568 55.926532,-4.392676 55.92647,-4.39307 55.926364,-4.39494 55.926328,-4.397511 55.926736,-4.397936 55.926805)",No50 Abbeylands Road,"55.9268219","-4.3979269",1147.1,275.3,Mobile,Faifley Road at the Deli,"55.9287333","-4.3854332",Friday
"LINESTRING (-4.397936 55.926805,-4.399461 55.927054,-4.399808 55.927131,-4.400088 55.927252,-4.400472 55.927514,-4.400841 55.927785,-4.401379 55.928188,-4.401876 55.927945,-4.402379 55.9278,-4.402663 55.927732,-4.402522 55.927519,-4.402344 55.927235,-4.402331 55.927028,-4.402471 55.926702,-4.402817 55.926345,-4.402844 55.926269,-4.403115 55.925342,-4.40318 55.925092,-4.403054 55.924939,-4.402876 55.92479,-4.402835 55.924766,-4.402757 55.924692,-4.402747 55.924602,-4.402782 55.924517,-4.402858 55.924472,-4.403082 55.924269,-4.403262 55.924024,-4.403286 55.923879,-4.403248 55.923597,-4.403187 55.923454,-4.403094 55.92332,-4.402976 55.923176,-4.402773 55.922746,-4.402726 55.922635,-4.402542 55.922171,-4.40224 55.921388,-4.402224 55.921275,-4.402229 55.921179,-4.402282 55.921046,-4.402475 55.920815,-4.402618 55.920702,-4.402807 55.920611,-4.403117 55.920498,-4.403387 55.920446,-4.403638 55.920421,-4.403978 55.920393,-4.404317 55.920368,-4.404585 55.920353,-4.404925 55.920308,-4.405023 55.92028,-4.405135 55.920217,-4.405283 55.920074,-4.40533 55.919887,-4.405458 55.919629,-4.405516 55.919496,-4.405541 55.919185,-4.405558 55.919035,-4.405553 55.919003,-4.405536 55.918911,-4.4054 55.91884,-4.405311 55.918785,-4.405141 55.918608,-4.405096 55.918498,-4.405101 55.918388,-4.405148 55.918307,-4.405293 55.918194,-4.405381 55.918159,-4.405575 55.91814,-4.40573 55.918149,-4.405839 55.918173,-4.405923 55.918209,-4.406031 55.918249,-4.406203 55.918477,-4.406256 55.918582,-4.40652 55.918725,-4.409969 55.92018,-4.410147 55.920243,-4.410746 55.920455,-4.411313 55.920655,-4.412501 55.920905,-4.413879 55.921007,-4.41804 55.921038,-4.419067 55.921118,-4.420106 55.921298,-4.421787 55.922065,-4.421971 55.922138,-4.422714 55.922434,-4.423644 55.922804,-4.424882 55.92315,-4.427647 55.923592,-4.429064 55.923738,-4.43349 55.92383,-4.435931 55.9239,-4.437044 55.923943,-4.438213 55.924009,-4.438706 55.924029,-4.44153 55.924184,-4.44196 55.924224,-4.444806 55.924565,-4.4454 55.924633,-4.447955 55.925039,-4.448596 55.925158,-4.450258 55.925481,-4.452144 55.925891,-4.453978 55.926336,-4.458473 55.927484,-4.460723 55.927971,-4.46463 55.928991,-4.465664 55.92916,-4.466514 55.92923,-4.468414 55.929247,-4.469548 55.929314,-4.471268 55.929594,-4.472434 55.929769,-4.476808 55.930404,-4.478148 55.930613,-4.479363 55.930848,-4.480621 55.931137,-4.481847 55.931462,-4.484618 55.932148,-4.485024 55.932243,-4.485354 55.932317,-4.485957 55.932429,-4.486626 55.932517,-4.487138 55.932559,-4.487801 55.932581,-4.488469 55.93258,-4.49255 55.93253,-4.494018 55.932452,-4.500985 55.931847,-4.501682 55.931832,-4.502335 55.931837,-4.502665 55.931823,-4.503041 55.931744,-4.503101 55.931711,-4.503187 55.931685,-4.503302 55.931675,-4.503375 55.931682,-4.503445 55.931698,-4.503899 55.931727,-4.504442 55.93183,-4.505171 55.932002,-4.505848 55.932213,-4.506934 55.932649,-4.511076 55.934164,-4.512342 55.934558,-4.51453 55.935205,-4.515417 55.935461,-4.516316 55.935726,-4.517277 55.936014,-4.517361 55.936039,-4.517741 55.936135,-4.518099 55.936201,-4.518584 55.936237,-4.519029 55.936235,-4.519345 55.936206,-4.519467 55.936195,-4.523505 55.935529,-4.523673 55.935502,-4.524955 55.935297,-4.526126 55.935115,-4.526456 55.935091,-4.527038 55.9351,-4.527363 55.93515,-4.531266 55.936379,-4.533612 55.93714,-4.534186 55.937362,-4.534704 55.937617,-4.535072 55.937922,-4.535532 55.938444,-4.53626 55.939204,-4.536464 55.939403,-4.536906 55.939765,-4.538366 55.941014,-4.539058 55.941447,-4.541218 55.942698,-4.542048 55.943103,-4.543312 55.943719,-4.543718 55.943914,-4.544534 55.944322,-4.545082 55.944621,-4.545295 55.944775,-4.545473 55.944675,-4.546067 55.945259,-4.546515 55.945766,-4.546784 55.94607,-4.547232 55.946576,-4.549678 55.945895,-4.549562 55.945764)",95 Dumbuie Avenue,"55.9457635","-4.5495629",11749.3,1003.9,Mobile,No50 Abbeylands Road,"55.9268219","-4.3979269",Friday
"LINESTRING (-4.549562 55.945764,-4.549559 55.94576,-4.54917 55.945315,-4.548819 55.945151,-4.549135 55.945007,-4.549374 55.944967,-4.549502 55.944945,-4.550107 55.944947,-4.550692 55.945061,-4.551102 55.945279)",38 Millburn Crescent,"55.9452948","-4.5510757",244.9,58.8,Mobile,95 Dumbuie Avenue,"55.9457635","-4.5495629",Friday
"LINESTRING (-4.551102 55.945279,-4.550692 55.945061,-4.550107 55.944947,-4.549502 55.944945,-4.548765 55.944279,-4.54774 55.943448,-4.547555 55.943537)",1 Dunbritton Road,"55.9435104","-4.5475137",326.1,78.3,Mobile,38 Millburn Crescent,"55.9452948","-4.5510757",Friday
"LINESTRING (-4.547555 55.943537,-4.54774 55.943448,-4.546935 55.942796,-4.546454 55.942405,-4.545827 55.941862,-4.543643 55.941141,-4.543316 55.941394,-4.543149 55.941524,-4.543077 55.941698,-4.543214 55.942172,-4.54318 55.942167)",Corner of Highmains - Geils Quadrant,"55.9421946","-4.5431685",513.9,95.8,Mobile,1 Dunbritton Road,"55.9435104","-4.5475137",Friday
"LINESTRING (-4.54318 55.942167,-4.543214 55.942172,-4.543077 55.941698,-4.543149 55.941524,-4.543316 55.941394,-4.543643 55.941141,-4.545827 55.941862,-4.546454 55.942405,-4.546917 55.94225,-4.547597 55.941982,-4.548601 55.941563,-4.548794 55.941478,-4.549088 55.941332,-4.549174 55.941283,-4.549236 55.941198,-4.549298 55.941083,-4.548203 55.940674,-4.547276 55.941156,-4.546714 55.9412,-4.54477 55.940511)",No 44 Dumbuck Crescent,"55.9405422","-4.544735",931.4,183.7,Mobile,Corner of Highmains - Geils Quadrant,"55.9421946","-4.5431685",Friday
"LINESTRING (-4.54477 55.940511,-4.546714 55.9412,-4.547276 55.941156,-4.548203 55.940674,-4.547299 55.940306,-4.547526 55.940087,-4.547481 55.939823,-4.547861 55.939495,-4.548094 55.939485,-4.548313 55.939568)",Dumbuck Gardens at layby,"55.9395989","-4.5482755",459.1,99.7,Mobile,No 44 Dumbuck Crescent,"55.9405422","-4.544735",Friday
"LINESTRING (-4.567398 55.979036,-4.567364 55.97818,-4.567533 55.978098,-4.567902 55.978041,-4.568308 55.978033,-4.568286 55.978283,-4.568252 55.978751,-4.568396 55.979279,-4.56891 55.981174,-4.568474 55.98126,-4.568205 55.981434,-4.56795 55.981528,-4.567446 55.981535,-4.566698 55.981103,-4.566887 55.981009,-4.566934 55.980953,-4.566912 55.98059,-4.566987 55.980515,-4.566931 55.97993)",115 Ladyton,"55.979932","-4.56687",820.7,118.4,Mobile,37 Ladyton,"55.979036","-4.567379",Monday
"LINESTRING (-4.566931 55.97993,-4.566987 55.980515,-4.566912 55.98059,-4.566934 55.980953,-4.566887 55.981009,-4.566698 55.981103,-4.567446 55.981535,-4.567249 55.981792,-4.566963 55.982042,-4.566366 55.98251,-4.565993 55.982639,-4.565561 55.9827,-4.565052 55.982659,-4.565119 55.9825,-4.565079 55.981987)",43 - 47 O'Hare,"55.981985","-4.56515",494.9,108.7,Mobile,115 Ladyton,"55.979932","-4.56687",Monday
"LINESTRING (-4.565079 55.981987,-4.565119 55.9825,-4.565052 55.982659,-4.564522 55.98257,-4.563748 55.982328,-4.562656 55.981823,-4.562154 55.98148,-4.561894 55.981604,-4.561942 55.982401,-4.561843 55.982503,-4.561665 55.982566,-4.560295 55.98273,-4.558923 55.982878,-4.558642 55.982859,-4.558313 55.982785,-4.558114 55.982618,-4.557951 55.982432,-4.557848 55.982173,-4.55776 55.981622,-4.557732 55.981309,-4.557091 55.981315,-4.557078 55.981113)",270 Pappert,"55.981116","-4.556934",885.6,212.5,Mobile,43 - 47 O'Hare,"55.981985","-4.56515",Monday
"LINESTRING (-4.557078 55.981113,-4.557091 55.981315,-4.557732 55.981309,-4.557683 55.980538,-4.557616 55.980412,-4.557352 55.979978,-4.558128 55.979682,-4.558701 55.979554,-4.55915 55.979492,-4.559476 55.979456,-4.55987 55.979442,-4.560487 55.979304,-4.560585 55.979415,-4.561147 55.980105,-4.561596 55.980556,-4.56203 55.980652,-4.562512 55.980594,-4.562794 55.980409,-4.56301 55.980234,-4.563399 55.980034,-4.563985 55.979974,-4.564845 55.980089,-4.56552 55.980367,-4.565898 55.980603,-4.566698 55.981103,-4.567446 55.981535,-4.56795 55.981528,-4.568205 55.981434,-4.568474 55.98126,-4.56891 55.981174,-4.568982 55.98144,-4.569132 55.981944,-4.569422 55.982286,-4.570242 55.982693,-4.570899 55.982884,-4.571485 55.98312,-4.571846 55.983351,-4.572061 55.983552,-4.572165 55.983742,-4.57225 55.983984,-4.572303 55.984191,-4.572315 55.984419,-4.57234 55.984875,-4.572297 55.985197,-4.572233 55.985557,-4.571995 55.986258,-4.5719 55.986535,-4.571739 55.987358,-4.571759 55.987685,-4.571804 55.988402,-4.572383 55.989452,-4.572461 55.989899,-4.57245 55.990225,-4.572361 55.990713,-4.572415 55.990716,-4.572516 55.990767,-4.572531 55.99081,-4.572521 55.990827,-4.572457 55.990874,-4.572407 55.990886,-4.572373 55.990889,-4.572434 55.991037,-4.572386 55.991583,-4.572274 55.992212,-4.57212 55.993042,-4.571834 55.993818,-4.571835 55.994081,-4.57187 55.994589,-4.571861 55.994971,-4.571794 55.995596,-4.571744 55.996052,-4.571703 55.996417,-4.571649 55.996901,-4.571607 55.99733,-4.571565 55.997721,-4.571544 55.997884,-4.571417 55.99887,-4.571259 55.999337,-4.571203 55.999494,-4.571178 55.999564,-4.571127 55.999717,-4.571026 56.000062,-4.571031 56.00018,-4.571092 56.000388,-4.571231 56.000602,-4.571495 56.000813,-4.572452 56.001473,-4.572862 56.001765,-4.573073 56.001916,-4.573989 56.002492,-4.574338 56.002732,-4.574731 56.002841,-4.574792 56.002837,-4.574932 56.002851,-4.57501 56.002875,-4.575069 56.002906,-4.575133 56.002969,-4.575152 56.00302,-4.575151 56.003052,-4.575135 56.003094,-4.575117 56.003119,-4.575082 56.003151,-4.574966 56.003206,-4.574881 56.003224,-4.574758 56.003227,-4.574663 56.003212,-4.574156 56.003233,-4.573946 56.003297,-4.5737 56.003371,-4.571466 56.004268,-4.570513 56.004736,-4.569877 56.005125,-4.569005 56.004788,-4.568874 56.004865,-4.56849 56.005064,-4.568349 56.005085,-4.567791 56.005166,-4.567238 56.005164,-4.565243 56.005154,-4.564631 56.005156,-4.564187 56.005058,-4.564032 56.005004)",Dumbain Road (at the flats),"56.0050581","-4.5639718",4604.8,539.6,Mobile,270 Pappert,"55.981116","-4.556934",Monday
"LINESTRING (-4.564032 56.005004,-4.564187 56.005058,-4.564631 56.005156,-4.565243 56.005154,-4.565237 56.004907,-4.565294 56.004731,-4.565396 56.004575,-4.565509 56.004416,-4.565585 56.00429,-4.565613 56.004188,-4.565604 56.004065,-4.565552 56.003801,-4.565474 56.003492,-4.565452 56.003339,-4.565265 56.003336,-4.565141 56.003294,-4.564457 56.001988)",Brown Street (at the shops),"56.0019746","-4.5645404",457.9,109.9,Mobile,Dumbain Road (at the flats),"56.0050581","-4.5639718",Monday
"LINESTRING (-4.564457 56.001988,-4.565141 56.003294,-4.565265 56.003336,-4.565452 56.003339,-4.56548 56.003273,-4.565538 56.003199,-4.567521 56.003881,-4.56737 56.004097,-4.567307 56.004168,-4.567212 56.004548,-4.567238 56.005164,-4.567791 56.005166,-4.568349 56.005085,-4.56849 56.005064,-4.568874 56.004865,-4.569005 56.004788,-4.569877 56.005125,-4.569208 56.005536,-4.568851 56.00581,-4.568732 56.005901,-4.568502 56.006119,-4.568453 56.006181,-4.567424 56.007493,-4.56712 56.007967,-4.56672 56.00859,-4.566447 56.009017,-4.565397 56.010492,-4.564129 56.012173,-4.563146 56.013001,-4.562588 56.013434,-4.562334 56.013709,-4.562027 56.014116,-4.561786 56.014495,-4.561639 56.014872,-4.56139 56.016258,-4.56111 56.018065,-4.560725 56.020274,-4.559782 56.021546,-4.559051 56.022386,-4.558526 56.022858,-4.557167 56.023736,-4.556619 56.024167,-4.556571 56.02425,-4.556398 56.024547,-4.555755 56.026029,-4.555501 56.026398,-4.554343 56.027871,-4.554106 56.028496,-4.553921 56.028827,-4.553641 56.029001,-4.553182 56.029129,-4.551478 56.029554,-4.550994 56.02975,-4.550596 56.030021,-4.549967 56.030466,-4.547418 56.032538,-4.546364 56.033395,-4.544703 56.034779,-4.544073 56.035251,-4.542831 56.03604,-4.540548 56.037529,-4.540242 56.037728,-4.539665 56.038027,-4.539221 56.038159,-4.538727 56.03825,-4.538227 56.038311,-4.537069 56.038394,-4.536353 56.038463,-4.535787 56.038545,-4.535664 56.038571,-4.535182 56.038671,-4.534527 56.038862,-4.533873 56.03911,-4.533175 56.039417,-4.532577 56.03968,-4.531591 56.040108,-4.531097 56.040307,-4.530035 56.040665,-4.529499 56.040843,-4.529058 56.040998,-4.528885 56.041082,-4.528116 56.041595,-4.527917 56.041701,-4.527615 56.041822,-4.527394 56.041895,-4.527313 56.041923,-4.527264 56.041939,-4.526876 56.042053,-4.526788 56.042079,-4.526412 56.04219,-4.526322 56.042217,-4.525361 56.042501,-4.524963 56.042619,-4.524448 56.042773,-4.524438 56.042776)",Gartocharn Lay-by,"56.042822","-4.524482",6008.3,546.1,Mobile,Brown Street (at the shops),"56.0019746","-4.5645404",Monday
"LINESTRING (-4.524438 56.042776,-4.523732 56.042987,-4.523092 56.043152,-4.522066 56.043352,-4.520364 56.043693,-4.520148 56.043748,-4.519884 56.04382,-4.519536 56.043945,-4.518983 56.044256,-4.517199 56.045623,-4.516765 56.045839,-4.515178 56.046335,-4.514473 56.04658,-4.516339 56.04717,-4.51831 56.047793,-4.52029 56.048358,-4.521142 56.048501,-4.526936 56.050744,-4.526936 56.050744)",Lagganbeg Caravan Park,"56.052035","-4.526482",1675.1,165.7,Mobile,Gartocharn Lay-by,"56.042822","-4.524482",Monday
"LINESTRING (-4.526936 56.050744,-4.528199 56.05076,-4.529415 56.050881,-4.529974 56.050823,-4.53078 56.051016,-4.532692 56.05068,-4.533476 56.050761,-4.535642 56.05009,-4.536482 56.048396,-4.536267 56.047413,-4.536473 56.046353,-4.536191 56.045697,-4.535452 56.045184,-4.532301 56.041631,-4.531097 56.040307,-4.531591 56.040108,-4.532577 56.03968,-4.533175 56.039417,-4.533873 56.03911,-4.534527 56.038862,-4.535182 56.038671,-4.535664 56.038571,-4.535787 56.038545,-4.536353 56.038463,-4.537069 56.038394,-4.538227 56.038311,-4.538727 56.03825,-4.539221 56.038159,-4.539665 56.038027,-4.540242 56.037728,-4.540548 56.037529,-4.542831 56.03604,-4.544073 56.035251,-4.544703 56.034779,-4.546364 56.033395,-4.547418 56.032538,-4.549967 56.030466,-4.550596 56.030021,-4.550994 56.02975,-4.551478 56.029554,-4.553182 56.029129,-4.553641 56.029001,-4.553921 56.028827,-4.554106 56.028496,-4.554343 56.027871,-4.555501 56.026398,-4.555755 56.026029,-4.556398 56.024547,-4.556571 56.02425,-4.556619 56.024167,-4.557167 56.023736,-4.558526 56.022858,-4.559051 56.022386,-4.559782 56.021546,-4.560725 56.020274,-4.56111 56.018065,-4.56139 56.016258,-4.561639 56.014872,-4.561786 56.014495,-4.562027 56.014116,-4.562334 56.013709,-4.562588 56.013434,-4.563146 56.013001,-4.564129 56.012173,-4.565397 56.010492,-4.566447 56.009017,-4.56672 56.00859,-4.56712 56.007967,-4.567424 56.007493,-4.568453 56.006181,-4.568502 56.006119,-4.568732 56.005901,-4.568851 56.00581,-4.569208 56.005536,-4.569877 56.005125,-4.570513 56.004736,-4.571466 56.004268,-4.5737 56.003371,-4.573946 56.003297,-4.574156 56.003233,-4.574454 56.003051,-4.574454 56.003018,-4.574469 56.002973,-4.574338 56.002732,-4.573989 56.002492,-4.573073 56.001916,-4.572862 56.001765,-4.572452 56.001473,-4.571495 56.000813,-4.571231 56.000602,-4.571092 56.000388,-4.571031 56.00018,-4.571026 56.000062,-4.571127 55.999717,-4.571178 55.999564,-4.571203 55.999494,-4.571259 55.999337,-4.571417 55.99887,-4.571544 55.997884,-4.571565 55.997721,-4.571607 55.99733,-4.571649 55.996901,-4.571703 55.996417,-4.571744 55.996052,-4.571794 55.995596,-4.571861 55.994971,-4.57187 55.994589,-4.571835 55.994081,-4.571834 55.993818,-4.57212 55.993042,-4.572274 55.992212,-4.572386 55.991583,-4.572434 55.991037,-4.572373 55.990889,-4.572319 55.990884,-4.572225 55.990833,-4.572214 55.990803,-4.572222 55.990773,-4.572245 55.990748,-4.572285 55.990727,-4.572361 55.990713,-4.57245 55.990225,-4.572461 55.989899,-4.572383 55.989452,-4.571804 55.988402,-4.571759 55.987685,-4.571739 55.987358,-4.5719 55.986535,-4.571995 55.986258,-4.572233 55.985557,-4.572297 55.985197,-4.57234 55.984875,-4.572315 55.984419,-4.572303 55.984191,-4.57225 55.983984,-4.572165 55.983742,-4.572061 55.983552,-4.571846 55.983351,-4.571485 55.98312,-4.570899 55.982884,-4.570242 55.982693,-4.569422 55.982286,-4.569132 55.981944,-4.568982 55.98144,-4.56891 55.981174,-4.568396 55.979279,-4.568252 55.978751,-4.568286 55.978283,-4.568308 55.978033,-4.568324 55.977964,-4.568403 55.97762,-4.568437 55.977245,-4.568476 55.976818,-4.56836 55.976356,-4.568183 55.975965,-4.568092 55.975761,-4.567156 55.974144,-4.567017 55.973734,-4.566867 55.973718,-4.566779 55.973656,-4.566804 55.973553,-4.566904 55.97351,-4.566686 55.973204,-4.566234 55.972169,-4.565826 55.971111,-4.565087 55.969541,-4.564637 55.968508,-4.563772 55.967075,-4.563231 55.966179,-4.562781 55.965284,-4.562738 55.965002,-4.562824 55.964708,-4.563189 55.964192,-4.563332 55.964088,-4.563401 55.963928,-4.563462 55.96385,-4.563406 55.963796,-4.563406 55.963734,-4.563461 55.96368,-4.563404 55.963611,-4.563532 55.963385,-4.563577 55.963274,-4.563607 55.962822,-4.563577 55.962319,-4.563526 55.962091,-4.563173 55.961217,-4.562828 55.96047,-4.562564 55.960109,-4.561948 55.959407,-4.561832 55.959203,-4.561791 55.959086,-4.56172 55.958686,-4.561719 55.958354,-4.561858 55.957989,-4.561755 55.957957,-4.561681 55.957909,-4.561639 55.957848,-4.561636 55.957782,-4.561667 55.957727,-4.561736 55.957674,-4.561834 55.957638,-4.561927 55.957623,-4.562044 55.957626,-4.562112 55.957639,-4.562128 55.957567,-4.562316 55.957275,-4.56247 55.957018,-4.562309 55.956949,-4.56223 55.956877,-4.562191 55.956772,-4.56222 55.956678,-4.562257 55.956634,-4.562366 55.956561,-4.562513 55.956513,-4.5626 55.9565,-4.562807 55.956466,-4.563046 55.956273,-4.563128 55.956074,-4.56318 55.955846,-4.563205 55.955684,-4.563169 55.955568,-4.563118 55.955428,-4.563049 55.955312,-4.562946 55.955153,-4.56255 55.95479,-4.563321 55.954541,-4.563358 55.954505,-4.563336 55.954442,-4.562833 55.953745,-4.562333 55.953055,-4.562258 55.95301,-4.562065 55.953025,-4.561965 55.953055)",Glenfinnan Drive (at playpark),"55.953095","-4.562004",12941.7,1219.6,Mobile,Lagganbeg Caravan Park,"56.052035","-4.526482",Monday
"LINESTRING (-4.561965 55.953055,-4.562065 55.953025,-4.562258 55.95301,-4.562333 55.953055,-4.562833 55.953745,-4.563336 55.954442,-4.563358 55.954505,-4.563321 55.954541,-4.56255 55.95479,-4.562946 55.955153,-4.563049 55.955312,-4.563405 55.955248,-4.563683 55.955142,-4.563732 55.955097)",Glenfinnan Drive (at layby),"55.9551767","-4.563961",376,85.4,Mobile,Glenfinnan Drive (at playpark),"55.953095","-4.562004",Monday
"LINESTRING (-4.568534 56.003133,-4.568532 56.003162,-4.567917 56.003259,-4.567834 56.00309,-4.567378 56.002608,-4.567727 56.002508,-4.568081 56.00237,-4.568146 56.002294,-4.568221 56.002208,-4.568249 56.002065,-4.568637 56.002049,-4.56929 56.001923,-4.569636 56.001829,-4.570056 56.001644,-4.57033 56.001442,-4.570465 56.001306,-4.57052 56.001221,-4.570533 56.001196,-4.57061 56.001032,-4.570659 56.000906,-4.570726 56.000804,-4.570888 56.000674,-4.571231 56.000602,-4.571092 56.000388,-4.571031 56.00018,-4.571026 56.000062,-4.571127 55.999717,-4.571178 55.999564,-4.571203 55.999494,-4.571259 55.999337,-4.571417 55.99887,-4.571544 55.997884,-4.571565 55.997721,-4.571607 55.99733,-4.571649 55.996901,-4.571703 55.996417,-4.571744 55.996052,-4.571794 55.995596,-4.571861 55.994971,-4.57187 55.994589,-4.571835 55.994081,-4.571834 55.993818,-4.57212 55.993042,-4.572274 55.992212,-4.572386 55.991583,-4.572434 55.991037,-4.572373 55.990889,-4.572319 55.990884,-4.572225 55.990833,-4.572214 55.990803,-4.572222 55.990773,-4.572245 55.990748,-4.572285 55.990727,-4.572361 55.990713,-4.57245 55.990225,-4.572461 55.989899,-4.572383 55.989452,-4.571804 55.988402,-4.571759 55.987685,-4.571739 55.987358,-4.5719 55.986535,-4.571995 55.986258,-4.572233 55.985557,-4.572297 55.985197,-4.57234 55.984875,-4.572694 55.984867,-4.57365 55.984834,-4.574287 55.984814,-4.574639 55.984787,-4.574906 55.984766,-4.575919 55.984651,-4.576087 55.98463,-4.576858 55.984613,-4.57695 55.984559,-4.57739 55.984314,-4.577515 55.984279,-4.577652 55.984277,-4.577835 55.984274,-4.578094 55.984328,-4.57826 55.984373,-4.578402 55.984447,-4.578479 55.984573,-4.578504 55.984685,-4.578483 55.984794,-4.578315 55.985173,-4.578228 55.985353,-4.578219 55.985537,-4.578238 55.985785,-4.578229 55.98586,-4.578493 55.986432,-4.578565 55.986521,-4.578844 55.986704,-4.579282 55.986889,-4.579554 55.986985,-4.579302 55.987253,-4.579293 55.987255)",Oakbank Sheltered Housing ,"55.9875079","-4.579491",3006.4,369.4,Mobile,Manse Gardens,"56.0031325","-4.568494",Thursday
"LINESTRING (-4.579293 55.987255,-4.579302 55.987253,-4.579554 55.986985,-4.579956 55.987137,-4.58063 55.987373,-4.581592 55.987709,-4.581904 55.987815,-4.582187 55.987711,-4.582046 55.987487,-4.581197 55.98621,-4.581147 55.986134,-4.58112 55.986093,-4.580961 55.985789,-4.580898 55.985165,-4.580836 55.984562,-4.580829 55.984403,-4.580868 55.984308,-4.579671 55.984378,-4.579421 55.984397)","Bridge Court, Sheltered Housing","55.984399","-4.5794213",711.2,116.7,Mobile,Oakbank Sheltered Housing ,"55.9875079","-4.579491",Thursday
"LINESTRING (-4.579421 55.984397,-4.579671 55.984378,-4.580868 55.984308,-4.582571 55.984222,-4.583337 55.983232,-4.584066 55.982271,-4.58375 55.982226,-4.582702 55.981965,-4.582218 55.981741,-4.583099 55.981302,-4.583681 55.980929,-4.583923 55.980683,-4.584018 55.980474,-4.58404 55.979934,-4.583958 55.979183,-4.583887 55.978523,-4.583856 55.978251,-4.583828 55.97799,-4.583825 55.977773,-4.583849 55.977684,-4.584057 55.977112,-4.584157 55.976833,-4.584552 55.975801,-4.584559 55.975572,-4.584517 55.975323,-4.584484 55.975126,-4.584398 55.97461,-4.584215 55.973612,-4.584179 55.973283,-4.584154 55.973058,-4.584135 55.972801,-4.584084 55.972209,-4.584056 55.971878,-4.584039 55.970898,-4.584035 55.970708,-4.584009 55.970274,-4.583971 55.969135,-4.583926 55.967801,-4.583898 55.96695,-4.583886 55.966598,-4.583857 55.965739,-4.583912 55.965121,-4.58399 55.964778,-4.584173 55.964352,-4.584497 55.963942,-4.585091 55.963567,-4.582125 55.962128,-4.581891 55.961962,-4.581797 55.961817,-4.581772 55.961769,-4.581679 55.96159,-4.581555 55.961385,-4.581362 55.961228,-4.581198 55.96113,-4.580654 55.960949,-4.578925 55.960508,-4.57577 55.959832,-4.575133 55.95969,-4.573583 55.959332,-4.570876 55.958716,-4.56506 55.957402,-4.563853 55.957127,-4.56331 55.957027,-4.562999 55.95698,-4.562852 55.957028,-4.562723 55.957044,-4.562554 55.957036,-4.56247 55.957018,-4.562309 55.956949,-4.56223 55.956877,-4.562191 55.956772,-4.561946 55.956693,-4.559877 55.956202,-4.559031 55.955905,-4.558416 55.955612,-4.557818 55.955277,-4.557463 55.955003,-4.555948 55.9537,-4.555713 55.95354,-4.555544 55.953478,-4.5554 55.953471,-4.555256 55.953441,-4.555104 55.95337,-4.555026 55.953299,-4.55498 55.953187,-4.555032 55.95305,-4.55496 55.952852,-4.554117 55.952058,-4.553355 55.951465,-4.553059 55.951277,-4.552126 55.950762,-4.551528 55.950486,-4.550604 55.95011,-4.549741 55.949681,-4.549544 55.949551,-4.5493 55.949358,-4.548991 55.949059,-4.54831 55.948243,-4.546988 55.94678,-4.546445 55.946167,-4.546082 55.946269,-4.544705 55.946672,-4.543841 55.946925,-4.543047 55.947157,-4.542694 55.946684)",Crosslet House Care Home,"55.9466706","-4.5427501",6200.4,578,Mobile,"Bridge Court, Sheltered Housing","55.984399","-4.5794213",Thursday
"LINESTRING (-4.542694 55.946684,-4.542654 55.946631,-4.542593 55.946533,-4.542565 55.94636,-4.542589 55.946145,-4.542613 55.946078,-4.542705 55.945834,-4.542775 55.945699,-4.54298 55.945637,-4.54363 55.945614,-4.544099 55.945489,-4.544509 55.945316,-4.544643 55.945204,-4.544749 55.944942,-4.544912 55.944626,-4.544447 55.94437,-4.543515 55.943912,-4.543256 55.943781,-4.543312 55.943719,-4.543718 55.943914,-4.544534 55.944322,-4.545082 55.944621,-4.545295 55.944775,-4.545513 55.94495,-4.549117 55.949016,-4.54944 55.949311,-4.549721 55.94952,-4.550994 55.949335,-4.552523 55.949136,-4.552979 55.949088,-4.55335 55.949049,-4.554059 55.948981,-4.555368 55.948856,-4.556345 55.948754,-4.557391 55.948626,-4.557911 55.948626,-4.557992 55.948639,-4.558085 55.948656,-4.559326 55.94888,-4.56017 55.94902,-4.561439 55.947771,-4.561499 55.947713,-4.561967 55.9473,-4.562154 55.94712,-4.562295 55.947017,-4.562717 55.946708,-4.563004 55.946447,-4.563189 55.946292,-4.56344 55.94611,-4.563632 55.946025,-4.564842 55.945663,-4.565551 55.945459,-4.56603 55.945315,-4.566247 55.945259,-4.566244 55.945127,-4.566284 55.944993,-4.566394 55.944912,-4.56654 55.944869,-4.566645 55.944851,-4.566799 55.944848,-4.567094 55.94475,-4.567233 55.944668,-4.567277 55.944427,-4.567319 55.944199,-4.567441 55.943703,-4.56886 55.943873,-4.568705 55.944255,-4.568771 55.944365,-4.568718 55.944392,-4.568541 55.944653)",Church Court Sheltered Housing,"55.944637","-4.5684645",2868.9,309.2,Mobile,Crosslet House Care Home,"55.9466706","-4.5427501",Thursday
"LINESTRING (-4.568541 55.944653,-4.568718 55.944392,-4.568771 55.944365,-4.568705 55.944255,-4.56886 55.943873,-4.567441 55.943703,-4.567319 55.944199,-4.567277 55.944427,-4.567233 55.944668,-4.567211 55.944811,-4.567169 55.944882,-4.567109 55.944995,-4.56719 55.945119,-4.567247 55.945219,-4.567254 55.945259,-4.567189 55.945363,-4.567064 55.94544,-4.566882 55.945479,-4.566689 55.945485,-4.56647 55.945423,-4.566247 55.945259,-4.566244 55.945127,-4.566284 55.944993,-4.566206 55.944888,-4.565742 55.944608,-4.565368 55.94443,-4.564984 55.944278,-4.564499 55.944121,-4.564162 55.94403,-4.563767 55.943945,-4.563302 55.943873,-4.562846 55.943764,-4.562387 55.943676,-4.561921 55.943536,-4.561651 55.943443,-4.561632 55.943463,-4.561534 55.943501,-4.561494 55.943503,-4.561452 55.9435,-4.561412 55.943491,-4.561378 55.943476,-4.561062 55.943427,-4.56095 55.943417,-4.560595 55.943379,-4.559862 55.943262,-4.558696 55.943063,-4.5578 55.94285,-4.557179 55.942705,-4.556445 55.942531,-4.555155 55.942214,-4.554164 55.941983,-4.553799 55.941904,-4.553591 55.941867,-4.553273 55.941809,-4.553044 55.941767,-4.552019 55.941581,-4.551611 55.941508,-4.551083 55.941411,-4.549847 55.94118,-4.549298 55.941083,-4.548203 55.940674,-4.547299 55.940306,-4.546452 55.939982,-4.545461 55.939601,-4.543744 55.938942,-4.542566 55.938481,-4.542245 55.938355,-4.541708 55.938144,-4.540321 55.937614,-4.538962 55.937068,-4.538225 55.936814,-4.53771 55.936682,-4.53516 55.936042,-4.533736 55.935699,-4.531419 55.935217,-4.530734 55.935124,-4.52889 55.934977,-4.527977 55.93492,-4.527782 55.934918,-4.527628 55.934936,-4.527392 55.934988,-4.527235 55.935024,-4.527038 55.9351,-4.526937 55.935168,-4.526479 55.93517,-4.526181 55.935193,-4.525805 55.935246,-4.525221 55.935339,-4.524172 55.935504,-4.522179 55.935836,-4.520884 55.936056,-4.521273 55.936745,-4.52138 55.936969,-4.521522 55.937087,-4.521635 55.937134,-4.521738 55.937144,-4.521869 55.937118,-4.522517 55.93669)","26 Colquhoun Road, Milton","55.9367025","-4.5225424",3824.3,390.5,Mobile,Church Court Sheltered Housing,"55.944637","-4.5684645",Thursday
"LINESTRING (-4.522517 55.93669,-4.521869 55.937118,-4.521738 55.937144,-4.521635 55.937134,-4.521522 55.937087,-4.52138 55.936969,-4.521273 55.936745,-4.520884 55.936056,-4.520544 55.93611,-4.519493 55.936302,-4.519148 55.936342,-4.519089 55.936344,-4.518962 55.93635,-4.518554 55.936348,-4.51814 55.936309,-4.517663 55.93623,-4.516022 55.935732,-4.514622 55.935321,-4.512276 55.934631,-4.510962 55.934223,-4.50685 55.932729,-4.505759 55.932279,-4.505075 55.93207,-4.504338 55.931914,-4.504009 55.93188,-4.503573 55.931929,-4.50353 55.931966,-4.503491 55.931987,-4.503396 55.932017,-4.503283 55.932027,-4.503193 55.932019,-4.503128 55.932002,-4.503079 55.931981,-4.503014 55.931935,-4.502979 55.931875,-4.502996 55.93179,-4.503041 55.931744,-4.503101 55.931711,-4.503187 55.931685,-4.503302 55.931675,-4.503375 55.931682,-4.503445 55.931698,-4.503899 55.931727,-4.504442 55.93183,-4.505171 55.932002,-4.505848 55.932213,-4.506934 55.932649,-4.511076 55.934164,-4.512342 55.934558,-4.51453 55.935205,-4.515417 55.935461,-4.516316 55.935726,-4.517277 55.936014,-4.517361 55.936039,-4.517741 55.936135,-4.518099 55.936201,-4.518584 55.936237,-4.519029 55.936235,-4.519345 55.936206,-4.519467 55.936195,-4.523505 55.935529,-4.523673 55.935502,-4.524955 55.935297,-4.526126 55.935115,-4.526456 55.935091,-4.527038 55.9351,-4.527235 55.935024,-4.527392 55.934988,-4.527628 55.934936,-4.527782 55.934918,-4.527977 55.93492,-4.52889 55.934977,-4.530734 55.935124,-4.531419 55.935217,-4.533736 55.935699,-4.53516 55.936042,-4.53771 55.936682,-4.538225 55.936814,-4.538962 55.937068,-4.540321 55.937614,-4.541708 55.938144,-4.542245 55.938355,-4.542566 55.938481,-4.543744 55.938942,-4.545461 55.939601,-4.546452 55.939982,-4.547299 55.940306,-4.548203 55.940674,-4.549298 55.941083,-4.549847 55.94118,-4.551083 55.941411,-4.551611 55.941508,-4.552019 55.941581,-4.553044 55.941767,-4.553273 55.941809,-4.553591 55.941867,-4.553799 55.941904,-4.554164 55.941983,-4.555155 55.942214,-4.556445 55.942531,-4.557179 55.942705,-4.5578 55.94285,-4.558696 55.943063,-4.559862 55.943262,-4.560595 55.943379,-4.56095 55.943417,-4.561062 55.943427,-4.561336 55.943386,-4.561353 55.943363,-4.561417 55.943329,-4.561458 55.94332,-4.561503 55.943318,-4.56162 55.94335,-4.561661 55.943419,-4.561651 55.943443,-4.561921 55.943536,-4.562387 55.943676,-4.562846 55.943764,-4.563338 55.943789,-4.563813 55.943862,-4.564208 55.943945,-4.564574 55.94404,-4.565073 55.944204,-4.565828 55.944542,-4.56619 55.944748,-4.566362 55.944821,-4.56654 55.944869,-4.566645 55.944851,-4.566799 55.944848,-4.566959 55.944898,-4.567109 55.944995,-4.56719 55.945119,-4.567247 55.945219,-4.567344 55.94529,-4.567495 55.945356,-4.568243 55.945499,-4.569048 55.94562,-4.569586 55.945644,-4.570223 55.945631,-4.570888 55.945555,-4.571408 55.945455,-4.572173 55.945284,-4.572504 55.945238,-4.573046 55.945208,-4.573248 55.945219,-4.5732 55.944746,-4.573158 55.944587,-4.573603 55.94453,-4.573964 55.944486,-4.574093 55.94447,-4.574165 55.944462,-4.576301 55.944174,-4.576601 55.944124,-4.576928 55.944079,-4.577115 55.944052,-4.577228 55.944047,-4.577373 55.944084,-4.577683 55.944299,-4.578016 55.944657,-4.57825 55.944907,-4.578159 55.944938,-4.577976 55.944985,-4.577607 55.94501,-4.577369 55.945006,-4.577309 55.945012)","Clyde Court, Westbridgend","55.9452167","-4.5773721",6864.7,626.4,Mobile,"26 Colquhoun Road, Milton","55.9367025","-4.5225424",Thursday
"LINESTRING (-4.577309 55.945012,-4.577369 55.945006,-4.577607 55.94501,-4.577976 55.944985,-4.578159 55.944938,-4.57825 55.944907,-4.578284 55.944943,-4.578636 55.945448,-4.57879 55.945776,-4.578899 55.946416,-4.578922 55.946554,-4.578903 55.946674,-4.57882 55.946828,-4.578814 55.94684,-4.578696 55.946979,-4.578508 55.947151,-4.57909 55.947389,-4.579455 55.947521,-4.579756 55.947601,-4.579796 55.947781,-4.579825 55.947916,-4.579896 55.948197,-4.579993 55.948444,-4.580147 55.948719,-4.580387 55.949037,-4.580677 55.94936,-4.581049 55.949721,-4.582139 55.950579,-4.582569 55.950879,-4.583732 55.951687,-4.584405 55.95232,-4.584811 55.952972,-4.58547 55.954882,-4.586077 55.955419,-4.587177 55.955996,-4.587911 55.956536,-4.588313 55.956952,-4.588328 55.956988,-4.58845 55.95727,-4.588106 55.9578,-4.587972 55.958146,-4.587826 55.958525,-4.587742 55.959229,-4.587771 55.959773,-4.58789 55.960663,-4.587841 55.960951,-4.586468 55.96289,-4.586218 55.963085,-4.585889 55.96323,-4.585594 55.963342,-4.585091 55.963567,-4.584497 55.963942,-4.584173 55.964352,-4.58399 55.964778,-4.583912 55.965121,-4.583857 55.965739,-4.583886 55.966598,-4.583898 55.96695,-4.583926 55.967801,-4.583971 55.969135,-4.584009 55.970274,-4.584035 55.970708,-4.584039 55.970898,-4.584056 55.971878,-4.584084 55.972209,-4.584135 55.972801,-4.584154 55.973058,-4.582976 55.973109,-4.583065 55.973739,-4.583056 55.973793,-4.583017 55.973824,-4.582808 55.973916,-4.582753 55.973949,-4.582713 55.973983,-4.582657 55.974066,-4.582659 55.974095)",McFarlane Place,"55.9740954","-4.5826024",3678,393.9,Mobile,"Clyde Court, Westbridgend","55.9452167","-4.5773721",Thursday
"LINESTRING (-4.582659 55.974095,-4.582657 55.974066,-4.582713 55.973983,-4.582753 55.973949,-4.582808 55.973916,-4.583017 55.973824,-4.583056 55.973793,-4.583065 55.973739,-4.582976 55.973109,-4.584154 55.973058,-4.584135 55.972801,-4.584084 55.972209,-4.584056 55.971878,-4.584039 55.970898,-4.584035 55.970708,-4.584009 55.970274,-4.583971 55.969135,-4.583926 55.967801,-4.584893 55.967801)",Hall Street ,"55.9678002","-4.584893",838.1,107.6,Mobile,McFarlane Place,"55.9740954","-4.5826024",Thursday
"LINESTRING (-4.584893 55.967801,-4.583926 55.967801,-4.583898 55.96695,-4.582673 55.966937,-4.58226 55.96694,-4.581856 55.966947,-4.581567 55.966984,-4.581084 55.966962,-4.580794 55.966921,-4.580639 55.966895,-4.580452 55.966821,-4.580223 55.966657,-4.580187 55.966429,-4.580289 55.966041,-4.580293 55.965919,-4.580106 55.965719,-4.57973 55.965438,-4.579435 55.965293,-4.5791 55.965228,-4.578701 55.965169,-4.578681 55.965048,-4.578728 55.964835,-4.578792 55.964684,-4.578808 55.964645,-4.578845 55.964543,-4.578879 55.964448,-4.578962 55.964222,-4.579018 55.964098,-4.579083 55.964011,-4.57919 55.963924,-4.57935 55.963851,-4.579503 55.963812)",Taylor Street at the playpark,"55.963831","-4.5795178",782.7,174.9,Mobile,Hall Street ,"55.9678002","-4.584893",Thursday
"LINESTRING (-4.579503 55.963812,-4.57935 55.963851,-4.57919 55.963924,-4.579083 55.964011,-4.579018 55.964098,-4.578962 55.964222,-4.578879 55.964448,-4.578845 55.964543,-4.578808 55.964645,-4.578792 55.964684,-4.578728 55.964835,-4.578681 55.965048,-4.578701 55.965169,-4.5791 55.965228,-4.579435 55.965293,-4.579547 55.965348)",Taylor Street\Johnstone Road,"55.9653728","-4.5795071",224,53.8,Mobile,Taylor Street at the playpark,"55.963831","-4.5795178",Thursday
"LINESTRING (-4.578969 55.939378,-4.578922 55.939391,-4.578774 55.939536,-4.578709 55.93964,-4.57868 55.939687,-4.578487 55.939757,-4.578192 55.939838,-4.578057 55.939852,-4.577898 55.940404,-4.57763 55.941365,-4.577522 55.941726,-4.577503 55.942601,-4.577503 55.942655,-4.577503 55.942722,-4.577474 55.94335,-4.57747 55.943442,-4.577385 55.943556,-4.577232 55.943672,-4.577109 55.94383,-4.5771 55.943958,-4.577115 55.944052,-4.576928 55.944079,-4.576601 55.944124,-4.576301 55.944174,-4.574165 55.944462,-4.574093 55.94447,-4.573964 55.944486,-4.573603 55.94453,-4.573158 55.944587,-4.5732 55.944746,-4.573248 55.945219,-4.573614 55.945256,-4.574201 55.945375,-4.57441 55.94546,-4.574586 55.945525,-4.57752 55.946734,-4.577899 55.946894,-4.578272 55.947052,-4.578508 55.947151,-4.57909 55.947389,-4.579455 55.947521,-4.579756 55.947601,-4.580022 55.947637,-4.580378 55.947686,-4.58121 55.947782,-4.58127 55.947785,-4.581347 55.947789,-4.581882 55.947818,-4.583523 55.947789,-4.583695 55.947787,-4.585538 55.947764,-4.585931 55.947761,-4.586388 55.947757,-4.586388 55.947661,-4.586413 55.947587,-4.586747 55.947422,-4.58716 55.947183,-4.587407 55.946982,-4.587435 55.946959,-4.587494 55.946894,-4.587628 55.946748,-4.588047 55.946157,-4.586298 55.945755,-4.586135 55.945717,-4.586542 55.945163)",Hill Street Square,"55.9451567","-4.586513",2192.3,362.8,Mobile,Methlan Park ,"55.9393435","-4.5789385",Tuesday
"LINESTRING (-4.586542 55.945163,-4.586135 55.945717,-4.586074 55.945703,-4.585181 55.945497,-4.584837 55.945417,-4.584032 55.945229,-4.583829 55.945189,-4.583527 55.945091,-4.58321 55.944944,-4.583174 55.944898,-4.583049 55.94491,-4.58289 55.944974,-4.582805 55.945065,-4.582747 55.945164)",Ardoch Cres (at nursery),"55.9451446","-4.5826399",317.9,76.3,Mobile,Hill Street Square,"55.9451567","-4.586513",Tuesday
"LINESTRING (-4.582747 55.945164,-4.582684 55.945273,-4.582628 55.94545,-4.58263 55.945588,-4.582695 55.94567,-4.58309 55.945971,-4.583776 55.946496,-4.583909 55.946582,-4.584094 55.946653,-4.584284 55.946691,-4.586737 55.946972,-4.587407 55.946982,-4.58716 55.947183,-4.586747 55.947422,-4.586413 55.947587,-4.586388 55.947661,-4.586388 55.947757,-4.586935 55.947763,-4.587654 55.947792,-4.588761 55.947872,-4.589319 55.947898,-4.590262 55.947874,-4.590968 55.947847,-4.593137 55.947755,-4.593681 55.947796,-4.593755 55.947588,-4.594055 55.947632,-4.594184 55.947752,-4.594676 55.94786,-4.595018 55.947934,-4.595332 55.948022,-4.596261 55.948278,-4.597345 55.948585,-4.598499 55.948766)",Cardross Rd junction of Waverley Terr,"55.9487913","-4.5984864",1327.7,243.5,Mobile,Ardoch Cres (at nursery),"55.9451446","-4.5826399",Tuesday
"LINESTRING (-4.598499 55.948766,-4.598588 55.94878,-4.599763 55.948965,-4.600658 55.949099,-4.600986 55.949097,-4.60128 55.949073,-4.601617 55.949015,-4.601904 55.948932,-4.602102 55.948827,-4.602569 55.948504,-4.602923 55.948239,-4.603178 55.948387,-4.603392 55.948542,-4.602685 55.948813,-4.601994 55.94905,-4.601679 55.949138,-4.601276 55.949197,-4.600832 55.949224,-4.600122 55.949177,-4.599201 55.949045,-4.599151 55.949166,-4.599071 55.949372,-4.598889 55.95016,-4.598427 55.950124,-4.597522 55.950052,-4.597466 55.950048,-4.596882 55.950013,-4.596322 55.94998,-4.596264 55.949977)",95 Hawthornhill Rd. (at shop),"55.9499687","-4.5962655",940.1,180.3,Mobile,Cardross Rd junction of Waverley Terr,"55.9487913","-4.5984864",Tuesday
"LINESTRING (-4.596264 55.949977,-4.592653 55.949761,-4.591801 55.949729,-4.591647 55.949736,-4.591374 55.949769,-4.590853 55.949859,-4.590313 55.949997,-4.589925 55.95014,-4.589375 55.950404,-4.589146 55.950578,-4.589057 55.950671,-4.589008 55.950738,-4.588324 55.950519,-4.588117 55.950435,-4.58801 55.950382,-4.587772 55.950263,-4.587631 55.950383,-4.587388 55.950591,-4.587256 55.950769,-4.58724 55.950791,-4.587079 55.951074,-4.587033 55.951191,-4.586991 55.951297,-4.586923 55.951512,-4.586897 55.951592,-4.586894 55.951604)",Quarryknowe (Phoenix),"55.9516027","-4.5868778",752.3,180.5,Mobile,95 Hawthornhill Rd. (at shop),"55.9499687","-4.5962655",Tuesday
"LINESTRING (-4.586894 55.951604,-4.586897 55.951592,-4.586923 55.951512,-4.586991 55.951297,-4.587033 55.951191,-4.587079 55.951074,-4.58724 55.950791,-4.587256 55.950769,-4.587388 55.950591,-4.587631 55.950383,-4.587772 55.950263,-4.587531 55.950116,-4.587359 55.94998,-4.587149 55.949781,-4.586999 55.949548,-4.58695 55.94944,-4.586897 55.949322,-4.586852 55.949057,-4.586873 55.948824,-4.586879 55.948764,-4.586893 55.948346,-4.586935 55.947763,-4.586388 55.947757,-4.585931 55.947761,-4.585538 55.947764,-4.583695 55.947787,-4.583523 55.947789,-4.581882 55.947818,-4.581347 55.947789,-4.58127 55.947785,-4.58121 55.947782,-4.580378 55.947686,-4.580022 55.947637,-4.579756 55.947601,-4.579455 55.947521,-4.57909 55.947389,-4.578508 55.947151,-4.578272 55.947052,-4.577899 55.946894,-4.57752 55.946734,-4.574586 55.945525,-4.57441 55.94546,-4.57407 55.945403,-4.573552 55.94533,-4.573244 55.945297,-4.573033 55.945287,-4.572617 55.945304,-4.572155 55.945365,-4.57113 55.945595,-4.570602 55.945675,-4.570252 55.945707,-4.569579 55.945718,-4.569041 55.945696,-4.568197 55.945583,-4.567349 55.945414,-4.567218 55.945421,-4.567064 55.94544,-4.566882 55.945479,-4.566689 55.945485,-4.566703 55.945812,-4.566653 55.946037,-4.566582 55.94618,-4.566492 55.946329,-4.566477 55.946354,-4.56627 55.946712,-4.566221 55.946781,-4.566053 55.947109,-4.565967 55.947288,-4.565796 55.947643,-4.565538 55.948178,-4.564885 55.949572,-4.564783 55.949749,-4.564556 55.950024,-4.564363 55.950147,-4.564132 55.950282,-4.563467 55.950527,-4.562608 55.950845,-4.561895 55.951053,-4.561406 55.951242,-4.560773 55.951488,-4.56031 55.951657,-4.559903 55.951811,-4.559274 55.952053,-4.558834 55.95219,-4.558375 55.952326,-4.557939 55.952471,-4.557607 55.952581,-4.557266 55.952694,-4.557105 55.952743,-4.55685 55.952821,-4.556559 55.952883,-4.55641 55.952915,-4.556121 55.953013,-4.55604 55.953112,-4.556045 55.953228,-4.555976 55.953333,-4.555854 55.953412,-4.555773 55.953442,-4.555544 55.953478,-4.5554 55.953471,-4.555256 55.953441,-4.554997 55.953504,-4.554777 55.953606,-4.554675 55.953708,-4.554637 55.953855,-4.554763 55.953993,-4.555057 55.954223,-4.555426 55.954504,-4.556207 55.954905,-4.556437 55.955031,-4.556284 55.955174,-4.556081 55.955313,-4.555897 55.955439,-4.555827 55.955572,-4.555882 55.955829,-4.555975 55.955972,-4.555803 55.956212,-4.555537 55.956351,-4.555148 55.95643,-4.554464 55.956351,-4.552708 55.955548,-4.55176 55.955952,-4.552611 55.956403,-4.553591 55.956853,-4.552575 55.957281,-4.553264 55.957812)",Merkins Avenue (at the shops),"55.9578375","-4.5532",4043.9,553.9,Mobile,Quarryknowe (Phoenix),"55.9516027","-4.5868778",Tuesday
"LINESTRING (-4.553264 55.957812,-4.552575 55.957281,-4.550535 55.957868,-4.549937 55.957487,-4.549749 55.957352,-4.549078 55.956756,-4.548786 55.956459,-4.548431 55.956144,-4.548069 55.956337,-4.547757 55.956396,-4.547422 55.95643,-4.547175 55.956091,-4.546911 55.955883)",No. 8 Glenside ,"55.955874","-4.5469344",590.4,124.6,Mobile,Merkins Avenue (at the shops),"55.9578375","-4.5532",Tuesday
"LINESTRING (-4.546911 55.955883,-4.547175 55.956091,-4.547422 55.95643,-4.547757 55.956396,-4.548069 55.956337,-4.548431 55.956144,-4.547485 55.955709,-4.547078 55.95551,-4.546842 55.955302,-4.546709 55.955045,-4.546723 55.95473,-4.546838 55.954067,-4.54686 55.953937,-4.546961 55.953607,-4.547083 55.952988,-4.547107 55.952582,-4.54722 55.95202,-4.547302 55.951611,-4.547365 55.951169,-4.547403 55.950702,-4.54742 55.949781,-4.547318 55.949593,-4.548278 55.949652,-4.548915 55.949642,-4.549544 55.949551,-4.5493 55.949358,-4.548991 55.949059,-4.54831 55.948243,-4.546988 55.94678,-4.546445 55.946167,-4.546026 55.945711,-4.545371 55.944963,-4.545216 55.944833,-4.544992 55.944665,-4.544912 55.944626,-4.544447 55.94437,-4.543515 55.943912,-4.543256 55.943781,-4.543312 55.943719,-4.543757 55.943434,-4.544265 55.943226,-4.545375 55.942804,-4.546454 55.942405,-4.546917 55.94225,-4.547597 55.941982,-4.548601 55.941563,-4.548794 55.941478,-4.549088 55.941332,-4.549174 55.941283,-4.549236 55.941198,-4.549298 55.941083,-4.548203 55.940674,-4.547299 55.940306,-4.546452 55.939982,-4.545461 55.939601,-4.543744 55.938942,-4.542566 55.938481,-4.542245 55.938355,-4.541708 55.938144,-4.541445 55.938342)",Oaktree Gardens,"55.93834","-4.5414412",2907.8,380.3,Mobile,No. 8 Glenside ,"55.955874","-4.5469344",Tuesday
"LINESTRING (-4.541445 55.938342,-4.541708 55.938144,-4.542245 55.938355,-4.542566 55.938481,-4.542839 55.93827,-4.543106 55.938213,-4.54339 55.938267,-4.543879 55.938521,-4.544407 55.93798,-4.544725 55.937739,-4.545072 55.937631,-4.545714 55.937825,-4.546183 55.938072)",No 64 Maryfisher Cresc,"55.9380846","-4.5461619",411.8,89,Mobile,Oaktree Gardens,"55.93834","-4.5414412",Tuesday
"LINESTRING (-4.546183 55.938072,-4.545714 55.937825,-4.545072 55.937631,-4.544725 55.937739,-4.544407 55.93798,-4.543879 55.938521,-4.54339 55.938267,-4.543106 55.938213,-4.542839 55.93827,-4.542566 55.938481,-4.543744 55.938942,-4.545461 55.939601,-4.546452 55.939982,-4.547589 55.939097,-4.547612 55.939023,-4.547117 55.938544,-4.547043 55.938367,-4.547035 55.93821,-4.547076 55.93796,-4.547055 55.937852,-4.547198 55.937819,-4.547427 55.937671,-4.547528 55.937577,-4.547825 55.937694,-4.548165 55.937881,-4.548512 55.937955,-4.548786 55.937764,-4.549007 55.937534,-4.54899 55.937453,-4.548685 55.937333,-4.548403 55.937244)",Orissa Drive G82 1BN (Flats/playpark) ,"55.9372103","-4.5484364",1109.9,222.3,Mobile,No 64 Maryfisher Cresc,"55.9380846","-4.5461619",Tuesday
"LINESTRING (-4.548403 55.937244,-4.548685 55.937333,-4.54899 55.937453,-4.549007 55.937534,-4.548786 55.937764,-4.548512 55.937955,-4.548165 55.937881,-4.547825 55.937694,-4.547528 55.937577,-4.547427 55.937671,-4.547198 55.937819,-4.547055 55.937852,-4.5469 55.937774,-4.546263 55.937512)",Almora Drive (at layby),"55.9375197","-4.5462531",290.1,69.6,Mobile,Orissa Drive G82 1BN (Flats/playpark) ,"55.9372103","-4.5484364",Tuesday
"LINESTRING (-4.387547 55.898013,-4.387669 55.898083,-4.387873 55.898199,-4.388086 55.898319,-4.38603 55.899471,-4.385634 55.899689,-4.385284 55.899881,-4.385464 55.899979,-4.385837 55.900183,-4.386017 55.900223)","Centre, 81 Braes Avenue","55.9002148","-4.3860233",354.3,85,Mobile,Fleming Avenue (at shops),"55.8980193","-4.387536",Wednesday
"LINESTRING (-4.386017 55.900223,-4.385837 55.900183,-4.385464 55.899979,-4.385284 55.899881,-4.385634 55.899689,-4.38603 55.899471,-4.388086 55.898319,-4.388484 55.898543,-4.38888 55.89878,-4.389856 55.898258,-4.389914 55.898214,-4.390099 55.897927,-4.390163 55.897821,-4.390252 55.897713,-4.390444 55.89757,-4.390632 55.89763,-4.390878 55.897731,-4.39134 55.897975,-4.392487 55.89853,-4.393009 55.898757,-4.393249 55.898569)",Andrew Drive (at Bowling club),"55.8985667","-4.3932438",780.9,187.4,Mobile,"Centre, 81 Braes Avenue","55.9002148","-4.3860233",Wednesday
"LINESTRING (-4.393249 55.898569,-4.393637 55.898266,-4.394357 55.898543,-4.395204 55.898829,-4.395603 55.898951,-4.396819 55.89932,-4.397718 55.899608,-4.398166 55.899751,-4.398639 55.899897,-4.39918 55.900056,-4.399552 55.90017,-4.399842 55.900265,-4.400151 55.90037,-4.399941 55.900769,-4.399738 55.901169,-4.399915 55.901233,-4.40036 55.901265,-4.400497 55.901279,-4.400436 55.901458,-4.400228 55.902,-4.400164 55.902168,-4.400069 55.90239,-4.400042 55.902452,-4.400009 55.902529,-4.399916 55.902751,-4.399862 55.903038,-4.39985 55.903182,-4.399915 55.903191,-4.399991 55.903237,-4.400001 55.903271,-4.399992 55.903296,-4.39992 55.903342,-4.399817 55.90335,-4.3998 55.903344,-4.399747 55.90333,-4.39971 55.903301,-4.399036 55.90329,-4.398224 55.903287,-4.39793 55.903284,-4.397295 55.90326,-4.396965 55.903248,-4.394857 55.903155,-4.394074 55.903129,-4.393967 55.903126,-4.393522 55.903111,-4.39304 55.903111,-4.392421 55.903111,-4.39124 55.903121,-4.390073 55.903122,-4.388149 55.903146,-4.387024 55.903158,-4.386994 55.903166,-4.386954 55.903169,-4.386944 55.903282,-4.38692 55.903333)",No 1 Kirkwood Ave ,"55.9033364","-4.386946",1724.1,396.6,Mobile,Andrew Drive (at Bowling club),"55.8985667","-4.3932438",Wednesday
"LINESTRING (-4.38692 55.903333,-4.386944 55.903282,-4.386954 55.903169,-4.386912 55.903165,-4.38687 55.903151,-4.386842 55.903132,-4.386827 55.903083,-4.38687 55.903041,-4.386908 55.903028,-4.386946 55.903023,-4.386984 55.903025,-4.38702 55.903033,-4.387531 55.903035,-4.388056 55.903038,-4.388154 55.903035,-4.388828 55.903033,-4.390069 55.903028,-4.390168 55.903029,-4.391242 55.903022,-4.392415 55.903014,-4.39303 55.903015,-4.393307 55.903012,-4.393962 55.903017,-4.394079 55.903024,-4.394141 55.903022,-4.396791 55.903146,-4.397305 55.903169,-4.397714 55.903188,-4.398096 55.903208,-4.398232 55.903216,-4.398502 55.903209,-4.399049 55.903202,-4.399741 55.903208,-4.399796 55.903188,-4.39985 55.903182,-4.399915 55.903191,-4.399991 55.903237,-4.400001 55.903271,-4.399992 55.903296,-4.39992 55.903342,-4.399817 55.90335,-4.3998 55.903344,-4.399633 55.903578,-4.39952 55.903769,-4.399269 55.90435,-4.399135 55.904588,-4.398943 55.90477,-4.398597 55.905022,-4.398423 55.905133,-4.398158 55.905273,-4.397793 55.905481,-4.397566 55.905703,-4.397522 55.905875,-4.397607 55.905903,-4.397653 55.905938,-4.397674 55.905979,-4.39767 55.906019,-4.397585 55.906091,-4.397502 55.906112,-4.397468 55.906115,-4.397331 55.906093,-4.397272 55.906058,-4.397244 55.906021,-4.396936 55.906059,-4.396923 55.906061,-4.396741 55.906037,-4.396194 55.905892,-4.395132 55.905586,-4.39545 55.904979,-4.394852 55.904882,-4.393594 55.904743)",Ramillies Court,"55.9047318","-4.3935978",1595.5,349.9,Mobile,No 1 Kirkwood Ave ,"55.9033364","-4.386946",Wednesday
"LINESTRING (-4.393594 55.904743,-4.394852 55.904882,-4.39545 55.904979,-4.395132 55.905586,-4.396194 55.905892,-4.396741 55.906037,-4.396923 55.906061,-4.396936 55.906059,-4.397244 55.906021,-4.397245 55.905962,-4.397326 55.905894,-4.397434 55.90587,-4.397522 55.905875,-4.397607 55.905903,-4.397653 55.905938,-4.397674 55.905979,-4.39767 55.906019,-4.397585 55.906091,-4.397502 55.906112,-4.397468 55.906115,-4.397508 55.90626,-4.397539 55.906403,-4.397646 55.906581,-4.397865 55.906828,-4.397922 55.906886,-4.398161 55.907096,-4.398618 55.907461,-4.398863 55.907584,-4.399254 55.907679,-4.400156 55.907773,-4.40051 55.90781,-4.40113 55.907874,-4.401759 55.907932,-4.40275 55.908025,-4.403217 55.908068,-4.403692 55.908111,-4.405121 55.908261,-4.405998 55.908354,-4.407648 55.908527,-4.408093 55.908572,-4.409156 55.908784,-4.411194 55.909283,-4.411583 55.909415,-4.41161 55.909394,-4.411672 55.909373,-4.41178 55.909378,-4.411817 55.909392,-4.411844 55.909412,-4.411859 55.909434,-4.411863 55.909451,-4.41452 55.910093,-4.414754 55.910154,-4.416057 55.91047,-4.417557 55.91082,-4.41952 55.911279,-4.419648 55.911353,-4.419959 55.911532,-4.420008 55.91156,-4.421306 55.91231,-4.421354 55.912338,-4.421483 55.912253,-4.42396 55.913025,-4.424139 55.912877,-4.424608 55.91231,-4.424894 55.91196,-4.424958 55.911871,-4.425083 55.911693,-4.425145 55.911594,-4.425197 55.911524,-4.425328 55.911339,-4.425364 55.911292,-4.425437 55.911196,-4.425872 55.910625,-4.426082 55.91035,-4.426396 55.910072,-4.426769 55.909853,-4.427682 55.910251,-4.428656 55.910693,-4.429059 55.910901,-4.429584 55.91118,-4.430359 55.911597,-4.430737 55.911752,-4.431124 55.91191,-4.431915 55.912202,-4.432676 55.912498,-4.433758 55.912885,-4.434132 55.913035,-4.434564 55.91322,-4.434927 55.913407,-4.435816 55.913866,-4.437764 55.914747,-4.442008 55.916134,-4.443029 55.91636,-4.443106 55.916328,-4.443248 55.916311,-4.443341 55.916323,-4.443451 55.91637,-4.443496 55.916418,-4.443508 55.916483,-4.444164 55.916422,-4.445001 55.916325,-4.445822 55.916224,-4.445844 55.916286,-4.445948 55.916416,-4.446031 55.916441,-4.446146 55.916446,-4.446292 55.916405,-4.446375 55.916358,-4.446552 55.9163,-4.446752 55.916267,-4.447243 55.91625,-4.447404 55.916264,-4.447498 55.916323,-4.447517 55.91646,-4.447505 55.916826,-4.447482 55.916905,-4.447411 55.916997,-4.447249 55.917197,-4.44722 55.917233)",28 Freeland Road,"55.9172094","-4.447124",4380.4,584.6,Mobile,Ramillies Court,"55.9047318","-4.3935978",Wednesday
"LINESTRING (-4.44722 55.917233,-4.447249 55.917197,-4.447411 55.916997,-4.447482 55.916905,-4.447505 55.916826,-4.447517 55.91646,-4.447498 55.916323,-4.447404 55.916264,-4.447243 55.91625,-4.446752 55.916267,-4.446552 55.9163,-4.446375 55.916358,-4.446292 55.916405,-4.446146 55.916446,-4.446031 55.916441,-4.445948 55.916416,-4.445844 55.916286,-4.445822 55.916224,-4.446131 55.916185,-4.446935 55.916111,-4.447519 55.916099,-4.447939 55.916123,-4.448937 55.916265,-4.449548 55.916458,-4.452274 55.9176,-4.453057 55.917997,-4.453604 55.918364,-4.454157 55.918853,-4.454216 55.918905,-4.45477 55.919653,-4.45503 55.920132,-4.455402 55.920817,-4.455591 55.92118,-4.455802 55.921968,-4.455863 55.922264,-4.455911 55.922431,-4.45605 55.922912,-4.456453 55.923583,-4.456746 55.923982,-4.457026 55.923927,-4.45717 55.9239,-4.457572 55.923785)",Ashtree Court,"55.9237863","-4.4575739",1522.4,164.9,Mobile,28 Freeland Road,"55.9172094","-4.447124",Wednesday
"LINESTRING (-4.457572 55.923785,-4.45717 55.9239,-4.457026 55.923927,-4.456746 55.923982,-4.457161 55.924546,-4.457584 55.924914,-4.458103 55.925169,-4.458292 55.925026,-4.458595 55.924786,-4.458667 55.924719,-4.458805 55.92459,-4.458893 55.92453,-4.45925 55.92453,-4.45967 55.924547,-4.459843 55.924554,-4.459875 55.924569)",Erskine View (Health Centre),"55.9244415","-4.460063",363.9,63.4,Mobile,Ashtree Court,"55.9237863","-4.4575739",Wednesday
"LINESTRING (-4.459875 55.924569,-4.459843 55.924554,-4.45967 55.924547,-4.45925 55.92453,-4.458893 55.92453,-4.458805 55.92459,-4.458667 55.924719,-4.458595 55.924786,-4.458292 55.925026,-4.458103 55.925169,-4.457584 55.924914,-4.457161 55.924546,-4.456751 55.924687,-4.456715 55.924745,-4.456686 55.924849,-4.456658 55.924937,-4.456592 55.925124,-4.456551 55.925219,-4.45654 55.925332,-4.456555 55.925345)",No 94 Thistleneuk ,"55.9253372","-4.4565761",345.2,64.6,Mobile,Erskine View (Health Centre),"55.9244415","-4.460063",Wednesday
"LINESTRING (-4.456555 55.925345,-4.45654 55.925332,-4.456551 55.925219,-4.456592 55.925124,-4.456658 55.924937,-4.456686 55.924849,-4.456715 55.924745,-4.456751 55.924687,-4.457161 55.924546,-4.457584 55.924914,-4.458103 55.925169,-4.458402 55.925316,-4.458816 55.925437,-4.459701 55.925698,-4.461045 55.925836,-4.462095 55.92602,-4.462512 55.926094,-4.462822 55.926215,-4.463716 55.926566,-4.463888 55.926439,-4.463918 55.926452)",Dumbarton Road/Gavinburn Place,"55.9264552","-4.4639146",606.6,69,Mobile,No 94 Thistleneuk ,"55.9253372","-4.4565761",Wednesday
"LINESTRING (-4.463918 55.926452,-4.463888 55.926439,-4.463716 55.926566,-4.463881 55.926631,-4.46622 55.927549,-4.466483 55.927633,-4.466957 55.927703,-4.467352 55.927723,-4.468306 55.927656,-4.468663 55.927686,-4.468919 55.927272,-4.469093 55.927079,-4.469326 55.926909,-4.469611 55.926916,-4.470296 55.926978,-4.470704 55.927061,-4.470866 55.927148,-4.472068 55.927884,-4.472204 55.927945,-4.472232 55.928001,-4.472232 55.928089,-4.472561 55.928271)",Roman Cresc (Oval),"55.9282795","-4.472546",733.5,124,Mobile,Dumbarton Road/Gavinburn Place,"55.9264552","-4.4639146",Wednesday
"LINESTRING (-4.472561 55.928271,-4.472752 55.928377,-4.472847 55.928403,-4.472965 55.928386,-4.4731 55.928322,-4.473394 55.928489,-4.47353 55.928699,-4.473446 55.928934,-4.47331 55.929047,-4.473142 55.929137,-4.472825 55.92917,-4.472444 55.929148,-4.47223 55.929076,-4.471415 55.928532,-4.47104 55.928344,-4.470208 55.928164)",Roman Cresc (Lock ups),"55.9281893","-4.470191",375,90,Mobile,Roman Cresc (Oval),"55.9282795","-4.472546",Wednesday
